,First Name,Last Name,Email,Company,Address1,Address2,City,Province,Province Code,Country,Country Code,Zip,Phone
0,Douglas,Edwards,douglas.edwards@gmail.com,"Escobar, Knox and Olson","8101 David Stravenue Suite 263, South Valeriebury, MA 02004",,South Valeriebury,Massachusetts,02004,United States,US,02004,+1-394-246-2446x867
1,Sean,Lopez,sean.lopez@gmail.com,Becker and Sons,"7726 Alan Fort Apt. 560, North Anthonyville, CO 80376",,North Anthonyville,Colorado,80376,United States,US,80376,996.474.3394x18340
2,Cameron,Ferguson,cameron.ferguson@gmail.com,Skinner and Sons,"554 Christopher Streets Suite 940, Lake Erin, AK 99762",,Lake Erin,Alaska,99762,United States,US,99762,+1-193-465-1487x529
3,Joseph,Baker,joseph.baker@gmail.com,"Collins, Harrington and Stewart","951 Cassandra Crest, Katrinaside, NH 03134",,Katrinaside,New Hampshire,03134,United States,US,03134,307.270.1994x4756
4,Joshua,Aguirre,joshua.aguirre@gmail.com,Buckley PLC,"5017 Stephanie Expressway Suite 354, Lake Larrymouth, MS 39358",,Lake Larrymouth,Mississippi,39358,United States,US,39358,001-556-011-0429x470
5,Michael,Stewart,michael.stewart@gmail.com,Guerra and Sons,"47100 Larry Roads, New Geraldport, NM 88360",,New Geraldport,New Mexico,88360,United States,US,88360,+1-726-740-8914x167
6,Larry,Cooley,larry.cooley@gmail.com,Stephens Inc,"37951 James Fort Suite 838, New Andrewmouth, WV 25896",,New Andrewmouth,West Virginia,25896,United States,US,25896,001-048-409-0600x54443
7,James,Murphy,james.murphy@gmail.com,Mckenzie Group,"77984 Baxter Harbors Suite 263, Danielberg, GA 31225",,Danielberg,Georgia,31225,United States,US,31225,001-542-770-8539x255
8,Joshua,Manning,joshua.manning@gmail.com,Smith-Warren,"9783 Fitzgerald Course, Griffithberg, GA 30055",,Griffithberg,Georgia,30055,United States,US,30055,(629)440-8433x008
9,Benjamin,Diaz,benjamin.diaz@gmail.com,"Gonzales, Young and Hull","241 Kelly Loop Suite 150, Brendastad, ME 04656",,Brendastad,Maine,04656,United States,US,04656,0565494959
10,Curtis,Harris,curtis.harris@gmail.com,Brown Ltd,"94817 Curtis Stream Suite 488, Johnathanton, NV 89170",,Johnathanton,Nevada,89170,United States,US,89170,+1-167-961-8256x686
11,Matthew,Ramos,matthew.ramos@gmail.com,Brown Group,"5935 Joshua Locks Suite 096, Theresabury, AR 71914",,Theresabury,Arkansas,71914,United States,US,71914,(978)749-5013
12,Andrew,Olson,andrew.olson@gmail.com,Hurst Group,"4933 Carolyn Ports Apt. 240, Port Karenfurt, IA 50183",,Port Karenfurt,Iowa,50183,United States,US,50183,(337)185-7560x40987
13,Thomas,Ellis,thomas.ellis@gmail.com,Morales Inc,"63065 Meghan Stravenue, Clarkemouth, WV 26834",,Clarkemouth,West Virginia,26834,United States,US,26834,376.991.1972x07334
14,Roy,Gray,roy.gray@gmail.com,Ramirez Group,"81670 Tiffany Mills, Josephburgh, MT 59161",,Josephburgh,Montana,59161,United States,US,59161,962-115-6294x588
15,Robert,Sanchez,robert.sanchez@gmail.com,"Wagner, Maddox and Castro","1067 Hernandez Cape, Brandonview, FL 33972",,Brandonview,Florida,33972,United States,US,33972,6528792336
16,George,Waters,george.waters@gmail.com,Greene-Newton,"1223 Tran Flats, Williamsshire, SD 57546",,Williamsshire,South Dakota,57546,United States,US,57546,731.675.8999
17,David,Andrews,david.andrews@gmail.com,Griffin-Dunn,"5758 Alan Prairie Apt. 993, North Jeff, AR 72216",,North Jeff,Arkansas,72216,United States,US,72216,(043)795-5636x730
18,Ronald,Bryant,ronald.bryant@gmail.com,Walker Ltd,"85496 Pruitt Light, New Joshuaport, AR 72751",,New Joshuaport,Arkansas,72751,United States,US,72751,174.647.9282x146
19,Gregory,Erickson,gregory.erickson@gmail.com,"Carter, Moreno and Ali","249 Herring Forest, New Andrewland, VT 05270",,New Andrewland,Vermont,05270,United States,US,05270,001-055-957-4229x199
20,David,Solomon,david.solomon@gmail.com,"Wilson, Reilly and Cobb","5534 Nicholson Ways Apt. 270, Melissaside, VT 05172",,Melissaside,Vermont,05172,United States,US,05172,999.659.5539
21,Phillip,Moore,phillip.moore@gmail.com,"Haney, Miller and Espinoza","545 Gonzalez Tunnel, West Christopherstad, VT 05291",,West Christopherstad,Vermont,05291,United States,US,05291,(612)391-2446x6704
22,Richard,Turner,richard.turner@gmail.com,Duran-Ferguson,"24941 Washington Overpass Suite 991, Colleentown, OR 97413",,Colleentown,Oregon,97413,United States,US,97413,001-741-629-0645x0601
23,Jonathon,Lewis,jonathon.lewis@gmail.com,"Gardner, Hahn and Dennis","725 Vincent Gateway, West Robert, WI 54591",,West Robert,Wisconsin,54591,United States,US,54591,512-711-5457
24,Ryan,Bowen,ryan.bowen@gmail.com,Green-Martin,"20130 William Ways Apt. 835, Port Territon, VA 22727",,Port Territon,Virginia,22727,United States,US,22727,+1-033-937-9782x1594
25,Kenneth,Evans,kenneth.evans@gmail.com,Hall-Lawson,"02754 Jenna Oval Apt. 933, New Philip, AK 99546",,New Philip,Alaska,99546,United States,US,99546,(226)984-3230x334
26,James,Wright,james.wright@gmail.com,Williamson and Sons,"4743 Lisa Course, North Michael, SD 57221",,North Michael,South Dakota,57221,United States,US,57221,874.492.2879x0725
27,Adam,Holmes,adam.holmes@gmail.com,Santana-Walker,"61348 Erin Shoals Suite 094, Lake Glendaland, TN 37947",,Lake Glendaland,Tennessee,37947,United States,US,37947,817.334.1514x8680
28,Charles,Navarro,charles.navarro@gmail.com,"Burke, Alexander and Knapp","098 Lawrence Lock Suite 213, New Ralph, RI 02931",,New Ralph,Rhode Island,02931,United States,US,02931,(798)565-4170
29,Jeremy,Baker,jeremy.baker@gmail.com,Chen-Brady,"26857 Barry Track Suite 242, New Kelsey, DE 19726",,New Kelsey,Delaware,19726,United States,US,19726,567-935-4123x245
30,Justin,Romero,justin.romero@gmail.com,"Mccoy, Rhodes and Fox","18286 Vaughn Centers Suite 298, Cindyville, MA 01803",,Cindyville,Massachusetts,01803,United States,US,01803,(675)737-3460x876
31,Jeffrey,Snyder,jeffrey.snyder@gmail.com,Ramirez-Smith,"88942 Amy Crossing Apt. 288, Port Nicolemouth, OK 73065",,Port Nicolemouth,Oklahoma,73065,United States,US,73065,700.969.8016x7359
32,Francisco,Wilkins,francisco.wilkins@gmail.com,Tucker-Ramirez,"7098 Reyes Forge, North Carlosview, NJ 07751",,North Carlosview,New Jersey,07751,United States,US,07751,5191773613
33,Billy,Turner,billy.turner@gmail.com,"Watts, Wilson and Larson","5320 Lester Fords, North Robert, MN 56581",,North Robert,Minnesota,56581,United States,US,56581,692-901-2644
34,Michael,Conway,michael.conway@gmail.com,"Medina, Bradley and Watson","4544 Jeffery Estate, Jonesview, MA 02663",,Jonesview,Massachusetts,02663,United States,US,02663,+1-695-329-2355x363
35,John,Orozco,john.orozco@gmail.com,"Kemp, Howard and Thompson","048 Lewis Trail, East Rebeccafurt, TN 38268",,East Rebeccafurt,Tennessee,38268,United States,US,38268,+1-355-449-4814x82059
36,Michael,Reese,michael.reese@gmail.com,Smith Inc,"5635 Russell Key Apt. 980, Jenniferport, LA 71176",,Jenniferport,Louisiana,71176,United States,US,71176,195-301-7008x9728
37,Peter,Stevenson,peter.stevenson@gmail.com,Zhang PLC,"528 Lisa Rapids, North Sheilaton, ID 83571",,North Sheilaton,Idaho,83571,United States,US,83571,429-700-7501x055
38,Patrick,Lewis,patrick.lewis@gmail.com,"Villegas, Morrison and Johnston","9991 James Hollow, Johnton, IA 52317",,Johnton,Iowa,52317,United States,US,52317,001-566-841-9381x622
39,Steven,Johnson,steven.johnson@gmail.com,"Clark, Medina and Hall","852 Amy Turnpike Apt. 248, West Devon, AZ 85375",,West Devon,Arizona,85375,United States,US,85375,+1-713-268-4306x0093
40,Corey,Cline,corey.cline@gmail.com,Parrish Group,"56601 Austin Meadows Suite 497, Deborahshire, GA 31993",,Deborahshire,Georgia,31993,United States,US,31993,001-914-101-1468x0065
41,John,Allen,john.allen@gmail.com,Boyle-Stevens,"8401 Calhoun Knoll Apt. 499, West Michelehaven, CO 81532",,West Michelehaven,Colorado,81532,United States,US,81532,001-656-366-7501x355
42,Steven,Grimes,steven.grimes@gmail.com,"Clark, Smith and Willis","20579 Dustin Villages, Lake Jamesburgh, MN 55840",,Lake Jamesburgh,Minnesota,55840,United States,US,55840,663.900.7138x7103
43,Travis,Allen,travis.allen@gmail.com,"Wilson, Hernandez and Willis","257 Macdonald Garden, Port Amy, KY 41331",,Port Amy,Kentucky,41331,United States,US,41331,001-320-994-4815
44,Richard,Potts,richard.potts@gmail.com,Mitchell-Willis,"8539 Johnson Track, Valdezhaven, KS 67794",,Valdezhaven,Kansas,67794,United States,US,67794,3183632783
45,Daniel,Villanueva,daniel.villanueva@gmail.com,Chung-Mitchell,"8259 Johnson Alley, Harmonfurt, AR 72948",,Harmonfurt,Arkansas,72948,United States,US,72948,(183)550-1322
46,Jason,Clark,jason.clark@gmail.com,"Collins, Davis and Myers","1628 Hensley Prairie Apt. 344, Lake Andrew, PA 16081",,Lake Andrew,Pennsylvania,16081,United States,US,16081,473-499-7462
47,Bradley,Davis,bradley.davis@gmail.com,Dorsey-Oliver,"68322 Bonnie Points Suite 994, Morrisonburgh, OR 97208",,Morrisonburgh,Oregon,97208,United States,US,97208,+1-537-219-3998x59946
48,Daniel,Smith,daniel.smith@gmail.com,"Mitchell, Fisher and Phillips","8411 Donna Extensions, South Kevinborough, OK 73114",,South Kevinborough,Oklahoma,73114,United States,US,73114,(283)471-2016x0295
49,Benjamin,Mason,benjamin.mason@gmail.com,"Turner, Hammond and Conner","288 Gallagher Ridge, Gomezburgh, WV 25008",,Gomezburgh,West Virginia,25008,United States,US,25008,+1-210-126-2047x84615
50,Kelly,Carlson,kelly.carlson@gmail.com,"Trujillo, Randall and Flores","37726 Jennifer Stream, South Patrickhaven, RI 02887",,South Patrickhaven,Rhode Island,02887,United States,US,02887,(213)080-2007
51,Eric,Ramirez,eric.ramirez@gmail.com,"Rosario, Perez and Rodriguez","69793 Hernandez Camp Suite 745, New Kenneth, NY 14905",,New Kenneth,New York,14905,United States,US,14905,+1-022-847-1951x0121
52,Kyle,Ware,kyle.ware@gmail.com,"Russell, Ramos and Miller","5879 Morris Pine, Andersonborough, ID 83290",,Andersonborough,Idaho,83290,United States,US,83290,001-232-544-1062x852
53,Richard,Owens,richard.owens@gmail.com,"Bryant, Marshall and Velez","87462 Miller Ports, Lake Denise, NJ 08831",,Lake Denise,New Jersey,08831,United States,US,08831,001-711-420-0753x28667
54,Samuel,Phillips,samuel.phillips@gmail.com,Nelson-Krueger,"3798 Lisa Circles Suite 091, Audreyview, GA 31234",,Audreyview,Georgia,31234,United States,US,31234,340.598.6714
55,Douglas,Anderson,douglas.anderson@gmail.com,Lopez and Sons,"499 Peter Avenue, Joyceside, KY 40802",,Joyceside,Kentucky,40802,United States,US,40802,(267)189-5194
56,John,Moore,john.moore@gmail.com,Diaz-Haley,"812 Wilkins Ville Apt. 860, Charleshaven, AZ 85881",,Charleshaven,Arizona,85881,United States,US,85881,661-390-8803x5249
57,Matthew,Johnson,matthew.johnson@gmail.com,Burns-Miller,"5504 Becky Points Apt. 702, South Angelafurt, DC 20003",,South Angelafurt,Dist. of Columbia,20003,United States,US,20003,448-388-4106x89848
58,James,Lucas,james.lucas@gmail.com,Johnson LLC,"209 Miller Port Apt. 015, Mcdanielfurt, NV 89850",,Mcdanielfurt,Nevada,89850,United States,US,89850,(672)752-4745x2799
59,Nicholas,Gay,nicholas.gay@gmail.com,Jones-Benitez,"1785 Smith Valleys, Maryshire, ND 58679",,Maryshire,North Dakota,58679,United States,US,58679,001-874-839-6807
60,Randy,Robles,randy.robles@gmail.com,"Johnson, Walters and Alvarez","766 Russell Camp Suite 982, North Ross, MD 21385",,North Ross,Maryland,21385,United States,US,21385,+1-281-203-0733x006
61,Gregory,Dunn,gregory.dunn@gmail.com,"Harrison, Ortiz and Torres","7707 Sandra Gardens, Finleyberg, IN 46195",,Finleyberg,Indiana,46195,United States,US,46195,(145)128-1390
62,Christian,Ramirez,christian.ramirez@gmail.com,Davis-Parker,"9215 Allison Island, Wellsmouth, CT 06009",,Wellsmouth,Connecticut,06009,United States,US,06009,(986)576-0991x75369
63,David,Jackson,david.jackson@gmail.com,Ayala Group,"188 Kelsey Manor, Josephview, NY 11114",,Josephview,New York,11114,United States,US,11114,(833)547-8794x42641
64,Mitchell,Scott,mitchell.scott@gmail.com,"Cruz, Nguyen and Gray","2069 Lowe Path, East Kevinton, WI 54797",,East Kevinton,Wisconsin,54797,United States,US,54797,001-614-690-7219x37347
65,Mark,Gonzalez,mark.gonzalez@gmail.com,Cook Group,"73189 Lori Union Apt. 428, Leeberg, CO 80759",,Leeberg,Colorado,80759,United States,US,80759,(341)825-1251
66,Robert,Smith,robert.smith@gmail.com,"Baldwin, Rivera and Burton","27289 Kristin Coves Suite 504, North Wendy, NJ 08652",,North Wendy,New Jersey,08652,United States,US,08652,514-792-6134x24844
67,Bradley,Fleming,bradley.fleming@gmail.com,"Obrien, Nelson and Eaton","703 Sutton Drive Apt. 836, Carolynstad, DC 20015",,Carolynstad,Dist. of Columbia,20015,United States,US,20015,6292109505
68,Zachary,Holmes,zachary.holmes@gmail.com,"Williams, Serrano and Peterson","98104 Espinoza Unions, North Martinside, CT 06353",,North Martinside,Connecticut,06353,United States,US,06353,+1-156-682-3389x0987
69,Stephen,Thomas,stephen.thomas@gmail.com,Peterson-Frye,"1683 Fowler Junction Suite 566, Port Alicia, NY 10018",,Port Alicia,New York,10018,United States,US,10018,428.763.3374
70,Nathan,Bender,nathan.bender@gmail.com,Carter PLC,"8546 Peterson Mews Suite 798, Thomasfurt, HI 96789",,Thomasfurt,Hawaii,96789,United States,US,96789,641-375-4749
71,Ronald,Snow,ronald.snow@gmail.com,Hopkins LLC,"44378 Ramirez Square, New Annetteshire, LA 70580",,New Annetteshire,Louisiana,70580,United States,US,70580,030.021.7001x1780
72,Sean,Casey,sean.casey@gmail.com,Fitzpatrick and Sons,"03041 Quinn Lodge, Lake Richard, AK 99729",,Lake Richard,Alaska,99729,United States,US,99729,+1-226-082-3312x699
73,George,Miller,george.miller@gmail.com,"Strickland, Alexander and Perry","932 Sloan Extensions Apt. 243, Olivershire, SD 57491",,Olivershire,South Dakota,57491,United States,US,57491,(305)858-8435x80266
74,Patrick,Bishop,patrick.bishop@gmail.com,"Powell, Maxwell and Barajas","87296 Tucker Junctions, New Davidberg, ND 58585",,New Davidberg,North Dakota,58585,United States,US,58585,480.198.9672x057
75,John,Jones,john.jones@gmail.com,"Jenkins, Ferguson and Shaw","30530 Johnson Way, Bartonbury, DE 19788",,Bartonbury,Delaware,19788,United States,US,19788,+1-652-737-3387x63187
76,Andrew,Murphy,andrew.murphy@gmail.com,Smith PLC,"60197 Sandoval Roads Suite 498, West Juliemouth, ME 04361",,West Juliemouth,Maine,04361,United States,US,04361,+1-649-592-3542x699
77,Darin,Clark,darin.clark@gmail.com,"Nicholson, Garcia and Riddle","18958 Brittany Plains, Jonathanmouth, FL 34716",,Jonathanmouth,Florida,34716,United States,US,34716,143-439-4206x242
78,James,Evans,james.evans@gmail.com,"Davis, Walter and Alvarado","801 Jason Roads Apt. 263, East Rhondafort, WA 98149",,East Rhondafort,Washington,98149,United States,US,98149,699.461.3006
79,Jose,Kelly,jose.kelly@gmail.com,Ferguson-Finley,"9619 Nicole Rapid, East Susan, GA 31028",,East Susan,Georgia,31028,United States,US,31028,001-568-359-2612x98005
80,Jesse,Chavez,jesse.chavez@gmail.com,Murphy Ltd,"358 Brown Highway, Brendaberg, OK 73019",,Brendaberg,Oklahoma,73019,United States,US,73019,001-478-508-7637x637
81,Bradley,Sullivan,bradley.sullivan@gmail.com,Long Group,"816 Hailey Pines Suite 926, Lake Brandiview, NY 12603",,Lake Brandiview,New York,12603,United States,US,12603,001-192-208-7487
82,Brandon,Dennis,brandon.dennis@gmail.com,Hernandez-Mitchell,"484 Brown Points, Kennethburgh, FL 33754",,Kennethburgh,Florida,33754,United States,US,33754,(750)563-5336x49762
83,Michael,Campbell,michael.campbell@gmail.com,Gilbert PLC,"740 Holmes Mission Apt. 262, Kylefurt, WA 98880",,Kylefurt,Washington,98880,United States,US,98880,179.257.6112x0352
84,Ian,Mccarthy,ian.mccarthy@gmail.com,Fields-Walker,"401 Moore Unions Suite 674, Port Jessica, SD 57353",,Port Jessica,South Dakota,57353,United States,US,57353,(856)175-3716x8538
85,George,Rodriguez,george.rodriguez@gmail.com,"Rodriguez, Bentley and Miller","208 Gregory Trafficway, East James, ND 58404",,East James,North Dakota,58404,United States,US,58404,905.309.7658
86,Michael,Bradley,michael.bradley@gmail.com,Moon Group,"46598 Gonzalez Avenue, North Kellie, UT 84227",,North Kellie,Utah,84227,United States,US,84227,(395)420-2036
87,Samuel,Hernandez,samuel.hernandez@gmail.com,Morris-Parrish,"29034 Hatfield Squares, Cobbberg, OK 73138",,Cobbberg,Oklahoma,73138,United States,US,73138,880.778.0980x94856
88,Bryan,Cortez,bryan.cortez@gmail.com,"Rodgers, Lewis and Ramos","090 Thomas Summit Suite 005, West Ericbury, AZ 85276",,West Ericbury,Arizona,85276,United States,US,85276,+1-142-881-5976x5033
89,Joshua,Cochran,joshua.cochran@gmail.com,Hicks and Sons,"406 Young Glens Suite 733, West Cherylport, ME 04582",,West Cherylport,Maine,04582,United States,US,04582,+1-566-097-3303
90,Stephen,Mann,stephen.mann@gmail.com,"Collins, Lambert and Ryan","0960 Nunez Prairie Apt. 931, Davidbury, WY 82755",,Davidbury,Wyoming,82755,United States,US,82755,+1-569-905-5838x6397
91,Christopher,Jordan,christopher.jordan@gmail.com,"Phillips, Olson and Ayers","0598 Kenneth Radial, Lake Chrismouth, DE 19797",,Lake Chrismouth,Delaware,19797,United States,US,19797,001-529-789-5061x5737
92,Anthony,Savage,anthony.savage@gmail.com,"Davis, Merritt and Rogers","8189 Davies Hills Apt. 095, Estradaland, MO 65352",,Estradaland,Missouri,65352,United States,US,65352,4079714062
93,Kyle,Cook,kyle.cook@gmail.com,Kelley LLC,"43181 Natalie Springs, Debratown, ME 03992",,Debratown,Maine,03992,United States,US,03992,7163315148
94,Joseph,Acosta,joseph.acosta@gmail.com,Hart-Hanna,"94515 Shawn Courts Apt. 735, Brownhaven, LA 70730",,Brownhaven,Louisiana,70730,United States,US,70730,(292)122-7220x6726
95,Erik,Nolan,erik.nolan@gmail.com,"Lane, Washington and Small","754 Johnson Summit, Lake Sarahville, AR 71888",,Lake Sarahville,Arkansas,71888,United States,US,71888,001-754-406-2463
96,Malik,Richard,malik.richard@gmail.com,Tyler-Garcia,"332 Hudson Harbors Apt. 817, Daniellemouth, VT 05321",,Daniellemouth,Vermont,05321,United States,US,05321,(086)955-3242
97,Matthew,Chandler,matthew.chandler@gmail.com,Fry PLC,"35175 George Highway, Williamfurt, KS 67182",,Williamfurt,Kansas,67182,United States,US,67182,115.096.5999x74676
98,Roberto,Barron,roberto.barron@gmail.com,Garcia-Acosta,"4920 Frye Ramp Suite 205, Georgeland, AK 99761",,Georgeland,Alaska,99761,United States,US,99761,032.660.9699x76212
99,Anthony,Blankenship,anthony.blankenship@gmail.com,"Wells, Ruiz and Nunez","0030 Martin Hill Suite 363, East Jennifer, IA 51170",,East Jennifer,Iowa,51170,United States,US,51170,(183)855-8096x542
100,John,Bennett,john.bennett@gmail.com,Conner LLC,"64554 John Falls, Matthewmouth, LA 70252",,Matthewmouth,Louisiana,70252,United States,US,70252,488-862-6039
101,George,Oliver,george.oliver@gmail.com,Lewis PLC,"035 Megan Overpass Suite 441, Port Richard, NE 68095",,Port Richard,Nebraska,68095,United States,US,68095,(287)850-7991x7862
102,James,Riddle,james.riddle@gmail.com,Stark LLC,"166 Sanchez Fork Apt. 789, Lewisside, ME 04545",,Lewisside,Maine,04545,United States,US,04545,(215)801-3839
103,Timothy,Martin,timothy.martin@gmail.com,Marquez Inc,"8810 Cindy Keys Suite 081, Gloriafurt, OH 45144",,Gloriafurt,Ohio,45144,United States,US,45144,360.578.6487
104,Nathan,Fletcher,nathan.fletcher@gmail.com,"Hughes, Maddox and Ruiz","63069 Holly Viaduct Suite 351, South Karen, NE 68048",,South Karen,Nebraska,68048,United States,US,68048,(757)438-3482x045
105,Louis,Kirk,louis.kirk@gmail.com,Wilkinson Ltd,"14712 Morales Pines Apt. 516, South Ashley, NM 87494",,South Ashley,New Mexico,87494,United States,US,87494,+1-497-365-6661
106,Martin,Reed,martin.reed@gmail.com,James PLC,"4423 Deanna Falls Suite 293, Lopezton, VA 23064",,Lopezton,Virginia,23064,United States,US,23064,(553)435-2814x614
107,Joshua,Palmer,joshua.palmer@gmail.com,"Doyle, Lucero and Larsen","697 Peters Roads Apt. 072, North Jonathan, MA 01964",,North Jonathan,Massachusetts,01964,United States,US,01964,(152)959-9020x0547
108,Joseph,Guerra,joseph.guerra@gmail.com,Vang-Bradford,"5963 Ricky Light, Timothyview, NV 89562",,Timothyview,Nevada,89562,United States,US,89562,001-222-863-0745
109,Antonio,Greene,antonio.greene@gmail.com,Barnes-Stafford,"93509 Roger Rapids Apt. 829, Schneiderville, WV 26447",,Schneiderville,West Virginia,26447,United States,US,26447,531.850.9879
110,Michael,Nelson,michael.nelson@gmail.com,Ramos-Carter,"60421 Castro Field, South Melvinfurt, DE 19759",,South Melvinfurt,Delaware,19759,United States,US,19759,001-274-793-7061x135
111,David,Robinson,david.robinson@gmail.com,Barnes-Moore,"3165 Cody Hollow, West Barbaraville, MN 56687",,West Barbaraville,Minnesota,56687,United States,US,56687,(489)257-0596
112,Anthony,Park,anthony.park@gmail.com,Crawford PLC,"9445 Lindsay Expressway Suite 111, Frystad, IL 61014",,Frystad,Illinois,61014,United States,US,61014,061.479.2069
113,Richard,Garrett,richard.garrett@gmail.com,"Lopez, Davis and Benton","427 Boone Villages Apt. 901, Lake Eric, RI 02834",,Lake Eric,Rhode Island,02834,United States,US,02834,676-983-0844
114,Douglas,Williams,douglas.williams@gmail.com,David-Foster,"4519 Katherine Ranch Apt. 614, Vegamouth, RI 02803",,Vegamouth,Rhode Island,02803,United States,US,02803,(884)740-0138x3395
115,Marcus,Case,marcus.case@gmail.com,Spencer LLC,"92319 Fernando Walks, Erinville, WY 82160",,Erinville,Wyoming,82160,United States,US,82160,7503083784
116,James,Ward,james.ward@gmail.com,Hogan Group,"2873 Andrea Way, Hawkinsmouth, NM 87005",,Hawkinsmouth,New Mexico,87005,United States,US,87005,311.465.3180x94346
117,Glenn,Fields,glenn.fields@gmail.com,Hill-Freeman,"428 Brown Pike Suite 110, North Michaelchester, MI 49377",,North Michaelchester,Michigan,49377,United States,US,49377,+1-014-669-6561x359
118,Michael,Rodriguez,michael.rodriguez@gmail.com,Hull-Wilson,"754 Glover Island Apt. 255, Dorothyshire, AR 72849",,Dorothyshire,Arkansas,72849,United States,US,72849,+1-661-708-9378
119,Anthony,Howard,anthony.howard@gmail.com,Ford-Spencer,"10191 Lori Estates Suite 073, South Carolynshire, OH 43019",,South Carolynshire,Ohio,43019,United States,US,43019,8519897065
