,FIRST_NAME,MIDDLE_NAME,LAST_NAME,GENDER,PREFIX,SUFFIX,EMAIL,PHONE,ADDRESS1,STREET,CITY,STATE_CODE,STATE,ZIP_CODE,ADDRESS2,COUNTRY,COUNTRY_CODE,CUSTOMER_ID,COMPANY,USER_LOGIN,USER_PASSWORD
0,Douglas,J.,Edwards,Male,,,douglas.edwards@gmail.com,+1-394-246-2446x867,"8101 David Stravenue Suite 263, South Valeriebury, MA 02004",8101 David Stravenue Suite 263,South Valeriebury,MA,Massachusetts,02004, ,United States,US,972788121814,"Escobar, Knox and Olson",douglas148,Vm>Co+LN!2f<Z{|-v
1,Sean,J.,Lopez,Male,,DVM,sean.lopez@gmail.com,996.474.3394x18340,"7726 Alan Fort Apt. 560, North Anthonyville, CO 80376",7726 Alan Fort Apt. 560,North Anthonyville,CO,Colorado,80376, ,United States,US,905689899477,Becker and Sons,sean6051,"/'#""jM}hOnvR(oY5|9&P"
2,Cameron,S.,Ferguson,Male,,,cameron.ferguson@gmail.com,+1-193-465-1487x529,"554 Christopher Streets Suite 940, Lake Erin, AK 99762",554 Christopher Streets Suite 940,Lake Erin,AK,Alaska,99762, ,United States,US,134860969891,Skinner and Sons,cameron651,"WRPDSI+""xX3l2~0zw9]"
3,Joseph,W.,Baker,Male,Mr.,,joseph.baker@gmail.com,307.270.1994x4756,"951 Cassandra Crest, Katrinaside, NH 03134",951 Cassandra Crest,Katrinaside,NH,New Hampshire,03134, ,United States,US,542841380662,"Collins, Harrington and Stewart",baker20,@Pt0KbN4W^#UJ:5m
4,Joshua,M.,Aguirre,Male,Dr.,,joshua.aguirre@gmail.com,001-556-011-0429x470,"5017 Stephanie Expressway Suite 354, Lake Larrymouth, MS 39358",5017 Stephanie Expressway Suite 354,Lake Larrymouth,MS,Mississippi,39358, ,United States,US,688549641798,Buckley PLC,aguirre2068,:z-'1)#d>/xw.NLy
5,Michael,J.,Stewart,Male,Mr.,,michael.stewart@gmail.com,+1-726-740-8914x167,"47100 Larry Roads, New Geraldport, NM 88360",47100 Larry Roads,New Geraldport,NM,New Mexico,88360, ,United States,US,397244638733,Guerra and Sons,michael5964,61kQ(y!M2UjcpDL
6,Larry,K.,Cooley,Male,Mr.,,larry.cooley@gmail.com,001-048-409-0600x54443,"37951 James Fort Suite 838, New Andrewmouth, WV 25896",37951 James Fort Suite 838,New Andrewmouth,WV,West Virginia,25896, ,United States,US,142170870195,Stephens Inc,larry_8137,`e}#<L>U
7,James,L.,Murphy,Male,,,james.murphy@gmail.com,001-542-770-8539x255,"77984 Baxter Harbors Suite 263, Danielberg, GA 31225",77984 Baxter Harbors Suite 263,Danielberg,GA,Georgia,31225, ,United States,US,673725849084,Mckenzie Group,jamesmurphy3613,~$]=7.Ou}Kn'+)T*p
8,Joshua,A.,Manning,Male,Mr.,MD,joshua.manning@gmail.com,(629)440-8433x008,"9783 Fitzgerald Course, Griffithberg, GA 30055",9783 Fitzgerald Course,Griffithberg,GA,Georgia,30055, ,United States,US,717069509191,Smith-Warren,manning_53693,;(=8Hj5KRGb`)
9,Benjamin,A.,Diaz,Male,Dr.,,benjamin.diaz@gmail.com,0565494959,"241 Kelly Loop Suite 150, Brendastad, ME 04656",241 Kelly Loop Suite 150,Brendastad,ME,Maine,04656, ,United States,US,790980989670,"Gonzales, Young and Hull",benjamindiaz_136,=g5Mv?Vn:>6p%K^
10,Curtis,S.,Harris,Male,Mr.,,curtis.harris@gmail.com,+1-167-961-8256x686,"94817 Curtis Stream Suite 488, Johnathanton, NV 89170",94817 Curtis Stream Suite 488,Johnathanton,NV,Nevada,89170, ,United States,US,187617118718,Brown Ltd,harris74265,"TWVO.g7Z/uaPK""Gz"
11,Matthew,G.,Ramos,Male,Mr.,,matthew.ramos@gmail.com,(978)749-5013,"5935 Joshua Locks Suite 096, Theresabury, AR 71914",5935 Joshua Locks Suite 096,Theresabury,AR,Arkansas,71914, ,United States,US,740340107253,Brown Group,matthewramos42,2na:v{$(fL!EOR)@
12,Andrew,H.,Olson,Male,Dr.,MD,andrew.olson@gmail.com,(337)185-7560x40987,"4933 Carolyn Ports Apt. 240, Port Karenfurt, IA 50183",4933 Carolyn Ports Apt. 240,Port Karenfurt,IA,Iowa,50183, ,United States,US,388473122390,Hurst Group,olson438,"![(4J6WgM'O*Uu|,s{"
13,Thomas,S.,Ellis,Male,,,thomas.ellis@gmail.com,376.991.1972x07334,"63065 Meghan Stravenue, Clarkemouth, WV 26834",63065 Meghan Stravenue,Clarkemouth,WV,West Virginia,26834, ,United States,US,733577020359,Morales Inc,thomasellis_7816,#VTZk/S~m{e'MBG>_$8g
14,Roy,M.,Gray,Male,Dr.,,roy.gray@gmail.com,962-115-6294x588,"81670 Tiffany Mills, Josephburgh, MT 59161",81670 Tiffany Mills,Josephburgh,MT,Montana,59161, ,United States,US,125341322042,Ramirez Group,gray18651,"T,\Ilkr=7(!83Qx+'"
15,Robert,H.,Sanchez,Male,Dr.,,robert.sanchez@gmail.com,6528792336,"1067 Hernandez Cape, Brandonview, FL 33972",1067 Hernandez Cape,Brandonview,FL,Florida,33972, ,United States,US,623175372060,"Wagner, Maddox and Castro",sanchez_949,4'X\SmYanQ)Zqt_$xf
16,George,S.,Waters,Male,,MD,george.waters@gmail.com,731.675.8999,"1223 Tran Flats, Williamsshire, SD 57546",1223 Tran Flats,Williamsshire,SD,South Dakota,57546, ,United States,US,547288028862,Greene-Newton,george732,"8DblI&],T`PZ"
17,David,A.,Andrews,Male,,,david.andrews@gmail.com,(043)795-5636x730,"5758 Alan Prairie Apt. 993, North Jeff, AR 72216",5758 Alan Prairie Apt. 993,North Jeff,AR,Arkansas,72216, ,United States,US,907488560643,Griffin-Dunn,andrews_54867,"jcKZ8RNS:)\O@-CJ|F,"
18,Ronald,V.,Bryant,Male,Mr.,MD,ronald.bryant@gmail.com,174.647.9282x146,"85496 Pruitt Light, New Joshuaport, AR 72751",85496 Pruitt Light,New Joshuaport,AR,Arkansas,72751, ,United States,US,453106491700,Walker Ltd,ronald_27929,RH]i46~-u'Mvp_^W
19,Gregory,J.,Erickson,Male,Dr.,,gregory.erickson@gmail.com,001-055-957-4229x199,"249 Herring Forest, New Andrewland, VT 05270",249 Herring Forest,New Andrewland,VT,Vermont,05270, ,United States,US,290659052187,"Carter, Moreno and Ali",gregory9215,7K_y>6]&3VUb9SYpc
20,David,E.,Solomon,Male,Mr.,,david.solomon@gmail.com,999.659.5539,"5534 Nicholson Ways Apt. 270, Melissaside, VT 05172",5534 Nicholson Ways Apt. 270,Melissaside,VT,Vermont,05172, ,United States,US,791948400765,"Wilson, Reilly and Cobb",solomon_64656,L!>ju|w;&'6UcPE
21,Phillip,A.,Moore,Male,Dr.,,phillip.moore@gmail.com,(612)391-2446x6704,"545 Gonzalez Tunnel, West Christopherstad, VT 05291",545 Gonzalez Tunnel,West Christopherstad,VT,Vermont,05291, ,United States,US,748882648254,"Haney, Miller and Espinoza",phillip38,|~KX09u4M16vqeknD
22,Richard,R.,Turner,Male,Mr.,,richard.turner@gmail.com,001-741-629-0645x0601,"24941 Washington Overpass Suite 991, Colleentown, OR 97413",24941 Washington Overpass Suite 991,Colleentown,OR,Oregon,97413, ,United States,US,962979073523,Duran-Ferguson,turner32,"^K09&,?1LE4=l<o#T8"
23,Jonathon,S.,Lewis,Male,,,jonathon.lewis@gmail.com,512-711-5457,"725 Vincent Gateway, West Robert, WI 54591",725 Vincent Gateway,West Robert,WI,Wisconsin,54591, ,United States,US,121918094953,"Gardner, Hahn and Dennis",lewis_72455,'}ev28$ig%+&lVk!R6I
24,Ryan,J.,Bowen,Male,Mr.,DDS,ryan.bowen@gmail.com,+1-033-937-9782x1594,"20130 William Ways Apt. 835, Port Territon, VA 22727",20130 William Ways Apt. 835,Port Territon,VA,Virginia,22727, ,United States,US,528390258434,Green-Martin,ryanbowen_4570,"*~Y'\87BJ9""N<qeoa+"
25,Kenneth,K.,Evans,Male,Mr.,DDS,kenneth.evans@gmail.com,(226)984-3230x334,"02754 Jenna Oval Apt. 933, New Philip, AK 99546",02754 Jenna Oval Apt. 933,New Philip,AK,Alaska,99546, ,United States,US,573846965983,Hall-Lawson,kenneth432,Z0F%vIetuk1
26,James,J.,Wright,Male,Mr.,V,james.wright@gmail.com,874.492.2879x0725,"4743 Lisa Course, North Michael, SD 57221",4743 Lisa Course,North Michael,SD,South Dakota,57221, ,United States,US,661891747327,Williamson and Sons,james_637,I$EV6L!dAJ(`;f
27,Adam,J.,Holmes,Male,,,adam.holmes@gmail.com,817.334.1514x8680,"61348 Erin Shoals Suite 094, Lake Glendaland, TN 37947",61348 Erin Shoals Suite 094,Lake Glendaland,TN,Tennessee,37947, ,United States,US,543205206411,Santana-Walker,adam43354,FXLdji#CwzNgo
28,Charles,J.,Navarro,Male,Dr.,,charles.navarro@gmail.com,(798)565-4170,"098 Lawrence Lock Suite 213, New Ralph, RI 02931",098 Lawrence Lock Suite 213,New Ralph,RI,Rhode Island,02931, ,United States,US,956303051812,"Burke, Alexander and Knapp",charlesnavarro_82126,]X[AFl^k9i;_ZN
29,Jeremy,P.,Baker,Male,,,jeremy.baker@gmail.com,567-935-4123x245,"26857 Barry Track Suite 242, New Kelsey, DE 19726",26857 Barry Track Suite 242,New Kelsey,DE,Delaware,19726, ,United States,US,924569145778,Chen-Brady,jeremy1937,~LN1g'hxw+f:
30,Justin,G.,Romero,Male,Mr.,,justin.romero@gmail.com,(675)737-3460x876,"18286 Vaughn Centers Suite 298, Cindyville, MA 01803",18286 Vaughn Centers Suite 298,Cindyville,MA,Massachusetts,01803, ,United States,US,164713626328,"Mccoy, Rhodes and Fox",romero_1332,bukUdL_Cz2R4[)
31,Jeffrey,C.,Snyder,Male,Dr.,DDS,jeffrey.snyder@gmail.com,700.969.8016x7359,"88942 Amy Crossing Apt. 288, Port Nicolemouth, OK 73065",88942 Amy Crossing Apt. 288,Port Nicolemouth,OK,Oklahoma,73065, ,United States,US,995766037452,Ramirez-Smith,jeffreysnyder38233,"hX!cNY^_0nOL6,';o"
32,Francisco,A.,Wilkins,Male,Mr.,,francisco.wilkins@gmail.com,5191773613,"7098 Reyes Forge, North Carlosview, NJ 07751",7098 Reyes Forge,North Carlosview,NJ,New Jersey,07751, ,United States,US,903088111461,Tucker-Ramirez,franciscowilkins6015,MV0I-XnZ%O:l+=
33,Billy,J.,Turner,Male,,,billy.turner@gmail.com,692-901-2644,"5320 Lester Fords, North Robert, MN 56581",5320 Lester Fords,North Robert,MN,Minnesota,56581, ,United States,US,700602936586,"Watts, Wilson and Larson",turner_174,oH+)wT#L2jeA;:[0udS
34,Michael,J.,Conway,Male,,II,michael.conway@gmail.com,+1-695-329-2355x363,"4544 Jeffery Estate, Jonesview, MA 02663",4544 Jeffery Estate,Jonesview,MA,Massachusetts,02663, ,United States,US,956721357122,"Medina, Bradley and Watson",conway30,`G{8Z*wbTJ4I(N%}6YL
35,John,J.,Orozco,Male,,MD,john.orozco@gmail.com,+1-355-449-4814x82059,"048 Lewis Trail, East Rebeccafurt, TN 38268",048 Lewis Trail,East Rebeccafurt,TN,Tennessee,38268, ,United States,US,588230930828,"Kemp, Howard and Thompson",john48097,"^D6H""IY1j$0:mLyW"
36,Michael,P.,Reese,Male,Dr.,,michael.reese@gmail.com,195-301-7008x9728,"5635 Russell Key Apt. 980, Jenniferport, LA 71176",5635 Russell Key Apt. 980,Jenniferport,LA,Louisiana,71176, ,United States,US,660372955211,Smith Inc,reese36,"cLuF,""}Irj(dQe-n"
37,Peter,M.,Stevenson,Male,Mr.,,peter.stevenson@gmail.com,429-700-7501x055,"528 Lisa Rapids, North Sheilaton, ID 83571",528 Lisa Rapids,North Sheilaton,ID,Idaho,83571, ,United States,US,774079387689,Zhang PLC,peterstevenson_999,"9""n,AYt*MCxG17)}0"
38,Patrick,P.,Lewis,Male,Mr.,MD,patrick.lewis@gmail.com,001-566-841-9381x622,"9991 James Hollow, Johnton, IA 52317",9991 James Hollow,Johnton,IA,Iowa,52317, ,United States,US,722173920985,"Villegas, Morrison and Johnston",patrick_760,{YoPaDy3nW#LE_;x
39,Steven,T.,Johnson,Male,Mr.,,steven.johnson@gmail.com,+1-713-268-4306x0093,"852 Amy Turnpike Apt. 248, West Devon, AZ 85375",852 Amy Turnpike Apt. 248,West Devon,AZ,Arizona,85375, ,United States,US,811536708082,"Clark, Medina and Hall",steven_27,nG?t}~#*`e2
40,Corey,K.,Cline,Male,Mr.,,corey.cline@gmail.com,001-914-101-1468x0065,"56601 Austin Meadows Suite 497, Deborahshire, GA 31993",56601 Austin Meadows Suite 497,Deborahshire,GA,Georgia,31993, ,United States,US,151895861802,Parrish Group,corey_441,tSUG_Ojdi9
41,John,J.,Allen,Male,,,john.allen@gmail.com,001-656-366-7501x355,"8401 Calhoun Knoll Apt. 499, West Michelehaven, CO 81532",8401 Calhoun Knoll Apt. 499,West Michelehaven,CO,Colorado,81532, ,United States,US,271240833015,Boyle-Stevens,johnallen60338,<aw[rpy8%WQ4XjZlVK}D
42,Steven,S.,Grimes,Male,Mr.,,steven.grimes@gmail.com,663.900.7138x7103,"20579 Dustin Villages, Lake Jamesburgh, MN 55840",20579 Dustin Villages,Lake Jamesburgh,MN,Minnesota,55840, ,United States,US,896669981491,"Clark, Smith and Willis",stevengrimes_53424,T9&/;4-HK()l}j!~6_
43,Travis,J.,Allen,Male,Dr.,Jr.,travis.allen@gmail.com,001-320-994-4815,"257 Macdonald Garden, Port Amy, KY 41331",257 Macdonald Garden,Port Amy,KY,Kentucky,41331, ,United States,US,332220636405,"Wilson, Hernandez and Willis",travis_72554,1S(ugtyDj2A4
44,Richard,M.,Potts,Male,,,richard.potts@gmail.com,3183632783,"8539 Johnson Track, Valdezhaven, KS 67794",8539 Johnson Track,Valdezhaven,KS,Kansas,67794, ,United States,US,761480960396,Mitchell-Willis,richardpotts_795,&*n>(mTql4e=KVp
45,Daniel,J.,Villanueva,Male,Dr.,III,daniel.villanueva@gmail.com,(183)550-1322,"8259 Johnson Alley, Harmonfurt, AR 72948",8259 Johnson Alley,Harmonfurt,AR,Arkansas,72948, ,United States,US,189308868558,Chung-Mitchell,daniel_8245,ZOLS#GUdoJ>+.)5{g
46,Jason,S.,Clark,Male,Mr.,,jason.clark@gmail.com,473-499-7462,"1628 Hensley Prairie Apt. 344, Lake Andrew, PA 16081",1628 Hensley Prairie Apt. 344,Lake Andrew,PA,Pennsylvania,16081, ,United States,US,337740390723,"Collins, Davis and Myers",jasonclark4464,"hB!Q-l0;""bN~jVo{RA"
47,Bradley,H.,Davis,Male,,,bradley.davis@gmail.com,+1-537-219-3998x59946,"68322 Bonnie Points Suite 994, Morrisonburgh, OR 97208",68322 Bonnie Points Suite 994,Morrisonburgh,OR,Oregon,97208, ,United States,US,542816372616,Dorsey-Oliver,bradley_35986,"+'yd=A(2Q,H[h{15tX"
48,Daniel,C.,Smith,Male,Mr.,,daniel.smith@gmail.com,(283)471-2016x0295,"8411 Donna Extensions, South Kevinborough, OK 73114",8411 Donna Extensions,South Kevinborough,OK,Oklahoma,73114, ,United States,US,531901812673,"Mitchell, Fisher and Phillips",danielsmith7350,"aS}PRlwi:M-XH2q"""
49,Benjamin,S.,Mason,Male,Mr.,DVM,benjamin.mason@gmail.com,+1-210-126-2047x84615,"288 Gallagher Ridge, Gomezburgh, WV 25008",288 Gallagher Ridge,Gomezburgh,WV,West Virginia,25008, ,United States,US,793324597002,"Turner, Hammond and Conner",mason8219,"7&^p""gPx#*i;L"
50,Kelly,A.,Carlson,Male,,,kelly.carlson@gmail.com,(213)080-2007,"37726 Jennifer Stream, South Patrickhaven, RI 02887",37726 Jennifer Stream,South Patrickhaven,RI,Rhode Island,02887, ,United States,US,436332142987,"Trujillo, Randall and Flores",kelly5327,(jt=0/^PGVSAzrx\wL
51,Eric,J.,Ramirez,Male,Mr.,,eric.ramirez@gmail.com,+1-022-847-1951x0121,"69793 Hernandez Camp Suite 745, New Kenneth, NY 14905",69793 Hernandez Camp Suite 745,New Kenneth,NY,New York,14905, ,United States,US,930507415308,"Rosario, Perez and Rodriguez",eric_67,o53FfTUq')[
52,Kyle,R.,Ware,Male,Mr.,,kyle.ware@gmail.com,001-232-544-1062x852,"5879 Morris Pine, Andersonborough, ID 83290",5879 Morris Pine,Andersonborough,ID,Idaho,83290, ,United States,US,977903458737,"Russell, Ramos and Miller",kyle636,5cSM^pH1nP;W?k
53,Richard,J.,Owens,Male,,,richard.owens@gmail.com,001-711-420-0753x28667,"87462 Miller Ports, Lake Denise, NJ 08831",87462 Miller Ports,Lake Denise,NJ,New Jersey,08831, ,United States,US,738440178453,"Bryant, Marshall and Velez",owens87,MHIgtKJZ+l20
54,Samuel,T.,Phillips,Male,,MD,samuel.phillips@gmail.com,340.598.6714,"3798 Lisa Circles Suite 091, Audreyview, GA 31234",3798 Lisa Circles Suite 091,Audreyview,GA,Georgia,31234, ,United States,US,820656516829,Nelson-Krueger,phillips_69383,"""*[}7?_G%{WJw`bT1"
55,Douglas,J.,Anderson,Male,Mr.,,douglas.anderson@gmail.com,(267)189-5194,"499 Peter Avenue, Joyceside, KY 40802",499 Peter Avenue,Joyceside,KY,Kentucky,40802, ,United States,US,317275999041,Lopez and Sons,douglasanderson85669,x?PUv8HI5a:YJ
56,John,R.,Moore,Male,Mr.,DDS,john.moore@gmail.com,661-390-8803x5249,"812 Wilkins Ville Apt. 860, Charleshaven, AZ 85881",812 Wilkins Ville Apt. 860,Charleshaven,AZ,Arizona,85881, ,United States,US,602118532996,Diaz-Haley,john_44,2iRt<G7ES
57,Matthew,S.,Johnson,Male,Mr.,DDS,matthew.johnson@gmail.com,448-388-4106x89848,"5504 Becky Points Apt. 702, South Angelafurt, DC 20003",5504 Becky Points Apt. 702,South Angelafurt,DC,Dist. of Columbia,20003, ,United States,US,323262709587,Burns-Miller,matthew_82,<g`p'uaCi1;o]W6n
58,James,J.,Lucas,Male,Mr.,DDS,james.lucas@gmail.com,(672)752-4745x2799,"209 Miller Port Apt. 015, Mcdanielfurt, NV 89850",209 Miller Port Apt. 015,Mcdanielfurt,NV,Nevada,89850, ,United States,US,660115104543,Johnson LLC,jameslucas_22,cX&l5A{Pbx3E0
59,Nicholas,T.,Gay,Male,,,nicholas.gay@gmail.com,001-874-839-6807,"1785 Smith Valleys, Maryshire, ND 58679",1785 Smith Valleys,Maryshire,ND,North Dakota,58679, ,United States,US,666469435048,Jones-Benitez,nicholas791,IUsV]B4lt.)dY'MHOGN
60,Randy,L.,Robles,Male,Dr.,MD,randy.robles@gmail.com,+1-281-203-0733x006,"766 Russell Camp Suite 982, North Ross, MD 21385",766 Russell Camp Suite 982,North Ross,MD,Maryland,21385, ,United States,US,856451820301,"Johnson, Walters and Alvarez",randy78988,Rxj(I5A9H?&`3d~vg
61,Gregory,J.,Dunn,Male,Dr.,DVM,gregory.dunn@gmail.com,(145)128-1390,"7707 Sandra Gardens, Finleyberg, IN 46195",7707 Sandra Gardens,Finleyberg,IN,Indiana,46195, ,United States,US,240692912928,"Harrison, Ortiz and Torres",gregory_7882,$Sz9eO4B&kH-|nNw=c;
62,Christian,J.,Ramirez,Male,Dr.,,christian.ramirez@gmail.com,(986)576-0991x75369,"9215 Allison Island, Wellsmouth, CT 06009",9215 Allison Island,Wellsmouth,CT,Connecticut,06009, ,United States,US,883618959520,Davis-Parker,christian_317,"z[""rn%!,4$*f]N5)"
63,David,M.,Jackson,Male,,,david.jackson@gmail.com,(833)547-8794x42641,"188 Kelsey Manor, Josephview, NY 11114",188 Kelsey Manor,Josephview,NY,New York,11114, ,United States,US,327473594935,Ayala Group,davidjackson230,{[&F\'(O=1Z!VU?]@5J
64,Mitchell,S.,Scott,Male,Dr.,DVM,mitchell.scott@gmail.com,001-614-690-7219x37347,"2069 Lowe Path, East Kevinton, WI 54797",2069 Lowe Path,East Kevinton,WI,Wisconsin,54797, ,United States,US,902634080111,"Cruz, Nguyen and Gray",mitchell_46,$LP~&d;?a:
65,Mark,L.,Gonzalez,Male,Dr.,,mark.gonzalez@gmail.com,(341)825-1251,"73189 Lori Union Apt. 428, Leeberg, CO 80759",73189 Lori Union Apt. 428,Leeberg,CO,Colorado,80759, ,United States,US,715658009597,Cook Group,mark889,(<yk5{1JfB\0bK!3?c]
66,Robert,J.,Smith,Male,Mr.,,robert.smith@gmail.com,514-792-6134x24844,"27289 Kristin Coves Suite 504, North Wendy, NJ 08652",27289 Kristin Coves Suite 504,North Wendy,NJ,New Jersey,08652, ,United States,US,551089395427,"Baldwin, Rivera and Burton",smith_40,KC#-sQXot)>
67,Bradley,I.,Fleming,Male,Mr.,,bradley.fleming@gmail.com,6292109505,"703 Sutton Drive Apt. 836, Carolynstad, DC 20015",703 Sutton Drive Apt. 836,Carolynstad,DC,Dist. of Columbia,20015, ,United States,US,840638113633,"Obrien, Nelson and Eaton",fleming_81792,K.M%{n:Lx`wPY<
68,Zachary,R.,Holmes,Male,Mr.,,zachary.holmes@gmail.com,+1-156-682-3389x0987,"98104 Espinoza Unions, North Martinside, CT 06353",98104 Espinoza Unions,North Martinside,CT,Connecticut,06353, ,United States,US,814825050339,"Williams, Serrano and Peterson",zachary978,"+RIj,Ql(M>G[@x:"
69,Stephen,M.,Thomas,Male,,,stephen.thomas@gmail.com,428.763.3374,"1683 Fowler Junction Suite 566, Port Alicia, NY 10018",1683 Fowler Junction Suite 566,Port Alicia,NY,New York,10018, ,United States,US,950222222212,Peterson-Frye,stephen_2743,l!R81i-3<q=0FIe>
70,Nathan,K.,Bender,Male,Mr.,MD,nathan.bender@gmail.com,641-375-4749,"8546 Peterson Mews Suite 798, Thomasfurt, HI 96789",8546 Peterson Mews Suite 798,Thomasfurt,HI,Hawaii,96789, ,United States,US,683562319680,Carter PLC,bender67,"-+<0yok@4O""qj"
71,Ronald,K.,Snow,Male,Mr.,,ronald.snow@gmail.com,030.021.7001x1780,"44378 Ramirez Square, New Annetteshire, LA 70580",44378 Ramirez Square,New Annetteshire,LA,Louisiana,70580, ,United States,US,748735810420,Hopkins LLC,ronald71,"jo[3,)/x5ZF7t<(YCHR"
72,Sean,R.,Casey,Male,,,sean.casey@gmail.com,+1-226-082-3312x699,"03041 Quinn Lodge, Lake Richard, AK 99729",03041 Quinn Lodge,Lake Richard,AK,Alaska,99729, ,United States,US,778453960407,Fitzpatrick and Sons,casey8701,hP{%pKuTy]eJFC
73,George,K.,Miller,Male,Mr.,DDS,george.miller@gmail.com,(305)858-8435x80266,"932 Sloan Extensions Apt. 243, Olivershire, SD 57491",932 Sloan Extensions Apt. 243,Olivershire,SD,South Dakota,57491, ,United States,US,624555503176,"Strickland, Alexander and Perry",georgemiller_52297,"o,nF8T-@Oad{2|Gz/"
74,Patrick,D.,Bishop,Male,Mr.,,patrick.bishop@gmail.com,480.198.9672x057,"87296 Tucker Junctions, New Davidberg, ND 58585",87296 Tucker Junctions,New Davidberg,ND,North Dakota,58585, ,United States,US,915823280328,"Powell, Maxwell and Barajas",patrickbishop_86639,"oM?)O[5lR,^Jk_dL"
75,John,D.,Jones,Male,Mr.,MD,john.jones@gmail.com,+1-652-737-3387x63187,"30530 Johnson Way, Bartonbury, DE 19788",30530 Johnson Way,Bartonbury,DE,Delaware,19788, ,United States,US,668659505081,"Jenkins, Ferguson and Shaw",john_71,<ANGo=rO*6WCFhX^L+`k
76,Andrew,K.,Murphy,Male,Dr.,,andrew.murphy@gmail.com,+1-649-592-3542x699,"60197 Sandoval Roads Suite 498, West Juliemouth, ME 04361",60197 Sandoval Roads Suite 498,West Juliemouth,ME,Maine,04361, ,United States,US,435101033787,Smith PLC,andrew_66,"B#*,!SE5<b$jU/l"
77,Darin,L.,Clark,Male,Mr.,,darin.clark@gmail.com,143-439-4206x242,"18958 Brittany Plains, Jonathanmouth, FL 34716",18958 Brittany Plains,Jonathanmouth,FL,Florida,34716, ,United States,US,757056274955,"Nicholson, Garcia and Riddle",clark_41,w%4cU:J!8T
78,James,M.,Evans,Male,,,james.evans@gmail.com,699.461.3006,"801 Jason Roads Apt. 263, East Rhondafort, WA 98149",801 Jason Roads Apt. 263,East Rhondafort,WA,Washington,98149, ,United States,US,712000253602,"Davis, Walter and Alvarado",evans_68764,.!mni>Q1y\Vd9cG2E(
79,Jose,J.,Kelly,Male,Mr.,,jose.kelly@gmail.com,001-568-359-2612x98005,"9619 Nicole Rapid, East Susan, GA 31028",9619 Nicole Rapid,East Susan,GA,Georgia,31028, ,United States,US,373793481527,Ferguson-Finley,josekelly_963,"wM'p7_k~*Gn4^2I:""h"
80,Jesse,A.,Chavez,Male,Dr.,,jesse.chavez@gmail.com,001-478-508-7637x637,"358 Brown Highway, Brendaberg, OK 73019",358 Brown Highway,Brendaberg,OK,Oklahoma,73019, ,United States,US,595333141946,Murphy Ltd,jesse75,"*,X~Akws}1"
81,Bradley,J.,Sullivan,Male,Mr.,,bradley.sullivan@gmail.com,001-192-208-7487,"816 Hailey Pines Suite 926, Lake Brandiview, NY 12603",816 Hailey Pines Suite 926,Lake Brandiview,NY,New York,12603, ,United States,US,868996195432,Long Group,bradleysullivan493,"rCD6Ts0kf""FmvVL"
82,Brandon,L.,Dennis,Male,,DVM,brandon.dennis@gmail.com,(750)563-5336x49762,"484 Brown Points, Kennethburgh, FL 33754",484 Brown Points,Kennethburgh,FL,Florida,33754, ,United States,US,539720293521,Hernandez-Mitchell,brandon_62835,I%s41L5Wh
83,Michael,M.,Campbell,Male,Dr.,,michael.campbell@gmail.com,179.257.6112x0352,"740 Holmes Mission Apt. 262, Kylefurt, WA 98880",740 Holmes Mission Apt. 262,Kylefurt,WA,Washington,98880, ,United States,US,540719928789,Gilbert PLC,michaelcampbell_2121,`jIP271?xnpOES}Vw
84,Ian,A.,Mccarthy,Male,,MD,ian.mccarthy@gmail.com,(856)175-3716x8538,"401 Moore Unions Suite 674, Port Jessica, SD 57353",401 Moore Unions Suite 674,Port Jessica,SD,South Dakota,57353, ,United States,US,733067422815,Fields-Walker,mccarthy_39,~wt^y9I;u>_1Li=j
85,George,C.,Rodriguez,Male,Dr.,,george.rodriguez@gmail.com,905.309.7658,"208 Gregory Trafficway, East James, ND 58404",208 Gregory Trafficway,East James,ND,North Dakota,58404, ,United States,US,574282602120,"Rodriguez, Bentley and Miller",george_60,vS9-.$Nbu]&
86,Michael,S.,Bradley,Male,Mr.,,michael.bradley@gmail.com,(395)420-2036,"46598 Gonzalez Avenue, North Kellie, UT 84227",46598 Gonzalez Avenue,North Kellie,UT,Utah,84227, ,United States,US,286202168975,Moon Group,michael275,@#}WoJelD{^Ly7_.
87,Samuel,B.,Hernandez,Male,Dr.,,samuel.hernandez@gmail.com,880.778.0980x94856,"29034 Hatfield Squares, Cobbberg, OK 73138",29034 Hatfield Squares,Cobbberg,OK,Oklahoma,73138, ,United States,US,522829408077,Morris-Parrish,hernandez306,/rPmu3A0(T@
88,Bryan,C.,Cortez,Male,,,bryan.cortez@gmail.com,+1-142-881-5976x5033,"090 Thomas Summit Suite 005, West Ericbury, AZ 85276",090 Thomas Summit Suite 005,West Ericbury,AZ,Arizona,85276, ,United States,US,740975226017,"Rodgers, Lewis and Ramos",bryan_523,9vy_AXd=eI{iBQ
89,Joshua,W.,Cochran,Male,,,joshua.cochran@gmail.com,+1-566-097-3303,"406 Young Glens Suite 733, West Cherylport, ME 04582",406 Young Glens Suite 733,West Cherylport,ME,Maine,04582, ,United States,US,160876153856,Hicks and Sons,joshuacochran323,"^G*""rvbea9JSk"
90,Stephen,J.,Mann,Male,Mr.,,stephen.mann@gmail.com,+1-569-905-5838x6397,"0960 Nunez Prairie Apt. 931, Davidbury, WY 82755",0960 Nunez Prairie Apt. 931,Davidbury,WY,Wyoming,82755, ,United States,US,718116846463,"Collins, Lambert and Ryan",stephen725,nEtlA9PbHBIZ)`>
91,Christopher,D.,Jordan,Male,Dr.,Jr.,christopher.jordan@gmail.com,001-529-789-5061x5737,"0598 Kenneth Radial, Lake Chrismouth, DE 19797",0598 Kenneth Radial,Lake Chrismouth,DE,Delaware,19797, ,United States,US,200704748506,"Phillips, Olson and Ayers",christopherjordan_78,"FH=zTZ""Uter1s$E"
92,Anthony,J.,Savage,Male,Dr.,,anthony.savage@gmail.com,4079714062,"8189 Davies Hills Apt. 095, Estradaland, MO 65352",8189 Davies Hills Apt. 095,Estradaland,MO,Missouri,65352, ,United States,US,481318694379,"Davis, Merritt and Rogers",savage_99,"mN2Ha8z`(RkSQ?v,d>"
93,Kyle,R.,Cook,Male,Dr.,,kyle.cook@gmail.com,7163315148,"43181 Natalie Springs, Debratown, ME 03992",43181 Natalie Springs,Debratown,ME,Maine,03992, ,United States,US,139112275523,Kelley LLC,kylecook50,"b,+)E.1xw`L3g!iVI%m@"
94,Joseph,J.,Acosta,Male,,DDS,joseph.acosta@gmail.com,(292)122-7220x6726,"94515 Shawn Courts Apt. 735, Brownhaven, LA 70730",94515 Shawn Courts Apt. 735,Brownhaven,LA,Louisiana,70730, ,United States,US,361896698466,Hart-Hanna,acosta823,5jLyNq[%B<1k*42~$E
95,Erik,S.,Nolan,Male,,MD,erik.nolan@gmail.com,001-754-406-2463,"754 Johnson Summit, Lake Sarahville, AR 71888",754 Johnson Summit,Lake Sarahville,AR,Arkansas,71888, ,United States,US,196346036154,"Lane, Washington and Small",eriknolan_9117,5xsEozY?%Oc
96,Malik,M.,Richard,Male,Dr.,,malik.richard@gmail.com,(086)955-3242,"332 Hudson Harbors Apt. 817, Daniellemouth, VT 05321",332 Hudson Harbors Apt. 817,Daniellemouth,VT,Vermont,05321, ,United States,US,297671337473,Tyler-Garcia,richard_70,XI0b8aqD<9
97,Matthew,A.,Chandler,Male,,,matthew.chandler@gmail.com,115.096.5999x74676,"35175 George Highway, Williamfurt, KS 67182",35175 George Highway,Williamfurt,KS,Kansas,67182, ,United States,US,581106187804,Fry PLC,matthew84986,"P<y,bVLpE[|tz(cx2"
98,Roberto,M.,Barron,Male,,,roberto.barron@gmail.com,032.660.9699x76212,"4920 Frye Ramp Suite 205, Georgeland, AK 99761",4920 Frye Ramp Suite 205,Georgeland,AK,Alaska,99761, ,United States,US,661827288743,Garcia-Acosta,robertobarron_7039,e6X+VB}1#kpI`u?[lNQ@
99,Anthony,J.,Blankenship,Male,Mr.,DVM,anthony.blankenship@gmail.com,(183)855-8096x542,"0030 Martin Hill Suite 363, East Jennifer, IA 51170",0030 Martin Hill Suite 363,East Jennifer,IA,Iowa,51170, ,United States,US,713079831272,"Wells, Ruiz and Nunez",anthony_20,ho!BQ~Tq`C=%8lnNg+KZ
100,John,P.,Bennett,Male,Dr.,III,john.bennett@gmail.com,488-862-6039,"64554 John Falls, Matthewmouth, LA 70252",64554 John Falls,Matthewmouth,LA,Louisiana,70252, ,United States,US,571668812676,Conner LLC,john553,*!L\Vruwbs+tc1:n>N
101,George,J.,Oliver,Male,Dr.,III,george.oliver@gmail.com,(287)850-7991x7862,"035 Megan Overpass Suite 441, Port Richard, NE 68095",035 Megan Overpass Suite 441,Port Richard,NE,Nebraska,68095, ,United States,US,101868205164,Lewis PLC,george_2286,Nw@`m{]Q3PbH1OJ
102,James,M.,Riddle,Male,Mr.,,james.riddle@gmail.com,(215)801-3839,"166 Sanchez Fork Apt. 789, Lewisside, ME 04545",166 Sanchez Fork Apt. 789,Lewisside,ME,Maine,04545, ,United States,US,575484611462,Stark LLC,james_12,"Or1/5W7DmE},RheGd!~"
103,Timothy,R.,Martin,Male,Dr.,MD,timothy.martin@gmail.com,360.578.6487,"8810 Cindy Keys Suite 081, Gloriafurt, OH 45144",8810 Cindy Keys Suite 081,Gloriafurt,OH,Ohio,45144, ,United States,US,263179785867,Marquez Inc,martin_3486,yua%@/b}~O9Qd!X#'jW5
104,Nathan,K.,Fletcher,Male,Mr.,MD,nathan.fletcher@gmail.com,(757)438-3482x045,"63069 Holly Viaduct Suite 351, South Karen, NE 68048",63069 Holly Viaduct Suite 351,South Karen,NE,Nebraska,68048, ,United States,US,373206258255,"Hughes, Maddox and Ruiz",fletcher56422,)H@CE{IODGvN|amr>Sp^
105,Louis,C.,Kirk,Male,Dr.,,louis.kirk@gmail.com,+1-497-365-6661,"14712 Morales Pines Apt. 516, South Ashley, NM 87494",14712 Morales Pines Apt. 516,South Ashley,NM,New Mexico,87494, ,United States,US,177711797157,Wilkinson Ltd,kirk25,sR}3yv~;|1hp+L:m4l?!
106,Martin,E.,Reed,Male,Mr.,,martin.reed@gmail.com,(553)435-2814x614,"4423 Deanna Falls Suite 293, Lopezton, VA 23064",4423 Deanna Falls Suite 293,Lopezton,VA,Virginia,23064, ,United States,US,442273512675,James PLC,reed38,q7~;TAZ|*wB'P
107,Joshua,A.,Palmer,Male,Dr.,,joshua.palmer@gmail.com,(152)959-9020x0547,"697 Peters Roads Apt. 072, North Jonathan, MA 01964",697 Peters Roads Apt. 072,North Jonathan,MA,Massachusetts,01964, ,United States,US,259941763325,"Doyle, Lucero and Larsen",joshua92,n;e1uf\B^c$L6/T[.KZ
108,Joseph,R.,Guerra,Male,Dr.,PhD,joseph.guerra@gmail.com,001-222-863-0745,"5963 Ricky Light, Timothyview, NV 89562",5963 Ricky Light,Timothyview,NV,Nevada,89562, ,United States,US,139098862190,Vang-Bradford,joseph37488,aX\6Euo7
109,Antonio,T.,Greene,Male,,MD,antonio.greene@gmail.com,531.850.9879,"93509 Roger Rapids Apt. 829, Schneiderville, WV 26447",93509 Roger Rapids Apt. 829,Schneiderville,WV,West Virginia,26447, ,United States,US,258942238537,Barnes-Stafford,antonio72696,"E=j%}S,wg?1d8QxpT"
110,Michael,E.,Nelson,Male,Mr.,,michael.nelson@gmail.com,001-274-793-7061x135,"60421 Castro Field, South Melvinfurt, DE 19759",60421 Castro Field,South Melvinfurt,DE,Delaware,19759, ,United States,US,887218027316,Ramos-Carter,michael8247,"UXn^N1cspY{v23fI7,"
111,David,J.,Robinson,Male,Mr.,,david.robinson@gmail.com,(489)257-0596,"3165 Cody Hollow, West Barbaraville, MN 56687",3165 Cody Hollow,West Barbaraville,MN,Minnesota,56687, ,United States,US,330173305635,Barnes-Moore,david_45,XZ~xGB-W%djOrzk
112,Anthony,V.,Park,Male,Dr.,,anthony.park@gmail.com,061.479.2069,"9445 Lindsay Expressway Suite 111, Frystad, IL 61014",9445 Lindsay Expressway Suite 111,Frystad,IL,Illinois,61014, ,United States,US,969501644185,Crawford PLC,park_3709,pE$<FuROf!M)3Jq
113,Richard,C.,Garrett,Male,,,richard.garrett@gmail.com,676-983-0844,"427 Boone Villages Apt. 901, Lake Eric, RI 02834",427 Boone Villages Apt. 901,Lake Eric,RI,Rhode Island,02834, ,United States,US,996727617560,"Lopez, Davis and Benton",garrett4998,"nP<mAF'g,fe%p\&"
114,Douglas,D.,Williams,Male,,MD,douglas.williams@gmail.com,(884)740-0138x3395,"4519 Katherine Ranch Apt. 614, Vegamouth, RI 02803",4519 Katherine Ranch Apt. 614,Vegamouth,RI,Rhode Island,02803, ,United States,US,759879751531,David-Foster,douglas68965,<Dy|Oou$*Ff'ErC?
115,Marcus,N.,Case,Male,Mr.,,marcus.case@gmail.com,7503083784,"92319 Fernando Walks, Erinville, WY 82160",92319 Fernando Walks,Erinville,WY,Wyoming,82160, ,United States,US,983027419302,Spencer LLC,marcus13427,bCF.!{]_#fLNO)tKcG
116,James,W.,Ward,Male,Mr.,,james.ward@gmail.com,311.465.3180x94346,"2873 Andrea Way, Hawkinsmouth, NM 87005",2873 Andrea Way,Hawkinsmouth,NM,New Mexico,87005, ,United States,US,622638589276,Hogan Group,jamesward61,"^i%$TQ:{FBD6UJjS""#d"
117,Glenn,J.,Fields,Male,Mr.,,glenn.fields@gmail.com,+1-014-669-6561x359,"428 Brown Pike Suite 110, North Michaelchester, MI 49377",428 Brown Pike Suite 110,North Michaelchester,MI,Michigan,49377, ,United States,US,668526188537,Hill-Freeman,fields_57,a('NW}@${Zykclf^E+t
118,Michael,M.,Rodriguez,Male,,,michael.rodriguez@gmail.com,+1-661-708-9378,"754 Glover Island Apt. 255, Dorothyshire, AR 72849",754 Glover Island Apt. 255,Dorothyshire,AR,Arkansas,72849, ,United States,US,259666618020,Hull-Wilson,michaelrodriguez_15126,:jG~Xq<ri/&O>*e#by4
119,Anthony,D.,Howard,Male,Mr.,,anthony.howard@gmail.com,8519897065,"10191 Lori Estates Suite 073, South Carolynshire, OH 43019",10191 Lori Estates Suite 073,South Carolynshire,OH,Ohio,43019, ,United States,US,194087968421,Ford-Spencer,anthonyhoward_5263,QW)E(gB_PiM-jGZ*?!]7
